index,syst,chain,tm1,tm2,min,max,pdb
   0,4j46_B_A-B_0,A,0.264,0.368,0.264,0.368,4j46
   1,1lvm_C_A-C-E_0,A,0.338,0.236,0.236,0.338,1lvm
   2,5huw_B_A-B-C_0,C,0.281,0.122,0.122,0.281,5huw
   3,1hsb_C_A-B-C_0,A,0.407,0.249,0.249,0.407,1hsb
   4,4jop_C_A-C_0,A,0.311,0.440,0.311,0.440,4jop
   5,5elq_P_A-P_0,A,0.279,0.367,0.279,0.367,5elq
   6,4xi7_C_A-C_0,A,0.292,0.147,0.147,0.292,4xi7
   7,2r9q_X_A-C-X_1,C,0.407,0.213,0.213,0.407,2r9q
   8,3vqg_B_A-B_0,A,0.297,0.412,0.297,0.412,3vqg
   9,3cww_E_A-B-D-E_0,A,0.395,0.082,0.082,0.395,3cww
  10,2zgh_B_A-B_0,A,0.308,0.218,0.218,0.308,2zgh
  11,3m5n_F_B-F_1,B,0.329,0.254,0.254,0.329,3m5n
  12,4ouc_B_A-B_0,A,0.387,0.201,0.201,0.387,4ouc
  13,2ot0_G_A-B-C-D-E-F-G-H_0,C,0.313,0.160,0.160,0.313,2ot0
  14,3o2b_D_C-D_1,C,0.239,0.281,0.239,0.281,3o2b
  15,1uop_B_A-B_0,A,0.323,0.101,0.101,0.323,1uop
  16,5fjz_P_A-B-C-D-P-Q-R-S_0,A,0.461,0.284,0.284,0.461,5fjz
  17,5fjz_P_A-B-C-D-P-Q-R-S_0,C,0.459,0.284,0.284,0.459,5fjz
  18,1obz_P_A-B-P_0,A,0.318,0.282,0.282,0.318,1obz
  19,1kl5_F_A-B-C-D-E-F-G-H_0,C,0.315,0.345,0.315,0.345,1kl5
  20,1kl5_F_A-B-C-D-E-F-G-H_0,B,0.313,0.343,0.313,0.343,1kl5
  21,3drh_B_A-B_0,A,0.398,0.131,0.131,0.398,3drh
  22,3uf7_B_A-B-C_0,A,0.325,0.235,0.235,0.325,3uf7
  23,3shb_B_A-B_0,A,0.199,0.292,0.199,0.292,3shb
  24,2hpl_B_A-B_0,A,0.255,0.309,0.255,0.309,2hpl
  25,4jok_D_B-D_1,B,0.314,0.443,0.314,0.443,4jok
  26,4ezn_C_A-B-C-D_0,A,0.360,0.264,0.264,0.360,4ezn
  27,4jor_D_B-D_1,B,0.314,0.443,0.314,0.443,4jor
  28,3q47_C_B-C_0,B,0.268,0.275,0.268,0.275,3q47
  29,2dze_X_A-B-X_0,A,0.438,0.388,0.388,0.438,2dze
  30,2dze_X_A-B-X_0,B,0.438,0.388,0.388,0.438,2dze
  31,4k3p_E_A-B-E_0,A,0.276,0.138,0.138,0.276,4k3p
  32,1oxn_F_E-F_7,E,0.262,0.339,0.262,0.339,1oxn
  33,3nfl_G_B-C-F-G_5,C,0.280,0.371,0.280,0.371,3nfl
  34,3fwv_C_A-C_0,A,0.247,0.259,0.247,0.259,3fwv
  35,1kyf_P_A-P_0,A,0.501,0.319,0.319,0.501,1kyf
  36,5oav_B_A-B_0,A,0.185,0.296,0.185,0.296,5oav
  37,4j8b_B_A-B_0,A,0.302,0.175,0.175,0.302,4j8b
  38,1b3g_B_A-B_0,A,0.358,0.132,0.132,0.358,1b3g
  39,4ezw_E_A-E_0,A,0.360,0.261,0.261,0.360,4ezw
  40,1s2k_B_A-B_0,A,0.360,0.275,0.275,0.360,1s2k
  41,1sdz_B_A-B_0,A,0.290,0.365,0.290,0.365,1sdz
  42,1v1t_S_A-B-S-T_0,B,0.333,0.296,0.296,0.333,1v1t
  43,1rzx_B_A-B_0,A,0.311,0.400,0.311,0.400,1rzx
  44,4mvk_B_A-B_0,A,0.286,0.249,0.249,0.286,4mvk
  45,5kzt_C_A-C_0,A,0.359,0.130,0.130,0.359,5kzt
  46,4j82_C_A-C_0,A,0.329,0.195,0.195,0.329,4j82
  47,4pyw_B_A-B-C_0,A,0.305,0.145,0.145,0.305,4pyw
  48,6ew9_P_A-B-C-P-Q-R_0,A,0.301,0.178,0.178,0.301,6ew9
  49,2f5b_P_H-L-P_0,L,0.417,0.291,0.291,0.417,2f5b
  50,2f5b_P_H-L-P_0,H,0.419,0.274,0.274,0.419,2f5b
  51,3nim_X_F-X_3,F,0.243,0.339,0.243,0.339,3nim
  52,2b6n_B_A-B_0,A,0.318,0.192,0.192,0.318,2b6n
  53,3nij_B_A-B_0,A,0.245,0.336,0.245,0.336,3nij
  54,5fpk_C_A-C_0,A,0.321,0.232,0.232,0.321,5fpk
  55,3gv4_H_A-H_0,A,0.249,0.302,0.249,0.302,3gv4
  56,1svz_C_A-B-C-D_0,A,0.419,0.277,0.277,0.419,1svz
  57,5m5r_D_A-C-D_0,A,0.334,0.166,0.166,0.334,5m5r
  58,5t6p_E_C-D-E_1,D,0.401,0.290,0.290,0.401,5t6p
  59,5t6p_E_C-D-E_1,C,0.397,0.280,0.280,0.397,5t6p
  60,1yti_I_A-I_0,A,0.283,0.346,0.283,0.346,1yti
  61,1yti_I_A-I_0,B,0.283,0.346,0.283,0.346,1yti
  62,1wcy_C_A-B-C-D_0,A,0.370,0.099,0.099,0.370,1wcy
  63,1nvs_B_A-B_0,A,0.347,0.212,0.212,0.347,1nvs
  64,4k72_C_A-C_0,A,0.313,0.442,0.313,0.442,4k72
  65,3nin_E_B-E_1,B,0.260,0.356,0.260,0.356,3nin
  66,4ba3_B_A-B_0,A,0.293,0.124,0.124,0.293,4ba3
  67,4ztd_F_A-B-C-D-E-F_0,C,0.332,0.216,0.216,0.332,4ztd
  68,5b74_D_A-B-D_0,B,0.279,0.293,0.279,0.293,5b74
  69,6hpg_c_C-c_2,C,0.234,0.260,0.234,0.260,6hpg
  70,3fp2_Q_A-Q_0,A,0.276,0.109,0.109,0.276,3fp2
  71,1b46_B_A-B_0,A,0.359,0.132,0.132,0.359,1b46
  72,4q6f_H_C-H_2,C,0.171,0.274,0.171,0.274,4q6f
  73,4b8o_C_A-B-C_0,A,0.293,0.123,0.123,0.293,4b8o
  74,1jwg_D_B-D_1,B,0.269,0.266,0.266,0.269,1jwg
  75,3ny3_B_A-B_0,A,0.218,0.338,0.218,0.338,3ny3
  76,4apo_D_B-D_1,B,0.254,0.235,0.235,0.254,4apo
  77,1w9e_S_A-B-R-S-T_0,B,0.340,0.296,0.296,0.340,1w9e
  78,2x6m_B_A-B_0,A,0.410,0.437,0.410,0.437,2x6m
  79,4ojf_A_A-H-L_0,L,0.393,0.276,0.276,0.393,4ojf
  80,4ojf_A_A-H-L_0,H,0.398,0.278,0.278,0.398,4ojf
  81,1czy_D_A-B-C-D-E_0,A,0.759,0.632,0.632,0.759,1czy
  82,2ce9_X_A-B-X_0,A,0.316,0.160,0.160,0.316,2ce9
  83,1awr_J_D-J_5,D,0.314,0.277,0.277,0.314,1awr
  84,4hxj_C_A-C_0,A,0.179,0.291,0.179,0.291,4hxj
  85,3thk_C_A-C_0,A,0.175,0.297,0.175,0.297,3thk
  86,1ghb_P_E-F-G-P_0,F,0.322,0.332,0.322,0.332,1ghb
  87,1ghb_P_E-F-G-P_0,G,0.281,0.361,0.281,0.361,1ghb
  88,1ghb_P_E-F-G-P_0,C,0.281,0.361,0.281,0.361,1ghb
  89,1ghb_P_E-F-G-P_0,B,0.322,0.332,0.322,0.332,1ghb
  90,4ynl_C_A-B-C-D_0,A,0.236,0.330,0.236,0.330,4ynl
  91,4ynl_C_A-B-C-D_0,B,0.224,0.311,0.224,0.311,4ynl
  92,1gyb_E_A-B-E-F_0,A,0.287,0.310,0.287,0.310,1gyb
  93,1gyb_E_A-B-E-F_0,B,0.295,0.319,0.295,0.319,1gyb
  94,4c2c_B_A-B-C_0,A,0.329,0.144,0.144,0.329,4c2c
  95,1u9l_C_B-C_1,B,0.212,0.323,0.212,0.323,1u9l
  96,5v5p_A_A-B-C_0,C,0.288,0.126,0.126,0.288,5v5p
  97,5xup_D_A-B-C-D_0,B,0.294,0.231,0.231,0.294,5xup
  98,4jmy_E_A-C-E_0,A,0.337,0.272,0.272,0.337,4jmy
  99,4g69_B_A-B_0,A,0.314,0.406,0.314,0.406,4g69
 100,5fov_E_A-E_0,A,0.315,0.223,0.223,0.315,5fov
 101,4iim_E_A-B-C-D-E_0,B,0.181,0.308,0.181,0.308,4iim
 102,6fkp_G_C-G_2,C,0.171,0.267,0.171,0.267,6fkp
 103,4v3i_B_A-B_0,A,0.268,0.249,0.249,0.268,4v3i
 104,2g30_S_A-P-S_0,A,0.473,0.309,0.309,0.473,2g30
 105,3rc4_B_A-B_0,A,0.326,0.252,0.252,0.326,3rc4
 106,4quh_D_A-C-D-I-J_0,A,0.323,0.225,0.225,0.323,4quh
 107,1d00_I_A-I_0,A,0.758,0.632,0.632,0.758,1d00
 108,5iza_B_A-B_0,A,0.294,0.151,0.151,0.294,5iza
 109,5sxm_D_B-D_1,B,0.308,0.176,0.176,0.308,5sxm
 110,3agy_C_A-B-C-D-F_0,A,0.308,0.263,0.263,0.308,3agy
 111,1b9j_B_A-B_0,A,0.358,0.132,0.132,0.358,1b9j
 112,1sts_P_B-D-M-P_0,D,0.348,0.378,0.348,0.378,1sts
 113,1sts_P_B-D-M-P_0,A,0.344,0.370,0.344,0.370,1sts
 114,3m5m_C_B-C_1,B,0.327,0.254,0.254,0.327,3m5m
 115,6cdg_B_A-B_0,A,0.372,0.330,0.330,0.372,6cdg
 116,2ipu_P_G-K-P_1,G,0.403,0.280,0.280,0.403,2ipu
 117,2ipu_P_G-K-P_1,K,0.388,0.272,0.272,0.388,2ipu
 118,3mqr_B_A-B_0,A,0.999,0.999,0.999,0.999,3mqr
 119,4f74_C_A-B-C_0,A,0.280,0.336,0.280,0.336,4f74
 120,4f74_C_A-B-C_0,B,0.288,0.350,0.288,0.350,4f74
 121,3t70_F_A-B-C-F_0,A,0.365,0.346,0.346,0.365,3t70
 122,3t70_F_A-B-C-F_0,B,0.373,0.373,0.373,0.373,3t70
 123,2v3s_C_B-C_1,B,0.289,0.382,0.289,0.382,2v3s
 124,1olc_B_A-B_0,A,0.359,0.132,0.132,0.359,1olc
 125,3gq1_C_A-C_0,A,0.262,0.374,0.262,0.374,3gq1
 126,3v43_Q_A-Q_0,A,0.237,0.271,0.237,0.271,3v43
 127,3zs6_B_A-B_0,A,0.353,0.133,0.133,0.353,3zs6
 128,1b40_B_A-B_0,A,0.359,0.132,0.132,0.359,1b40
 129,4pz3_C_A-B-C_0,B,0.325,0.304,0.304,0.325,4pz3
 130,4j84_D_B-D_1,B,0.324,0.182,0.182,0.324,4j84
 131,4z8j_B_A-B_0,A,0.290,0.375,0.290,0.375,4z8j
 132,4m38_E_A-B-E-F_0,A,0.320,0.153,0.153,0.320,4m38
 133,3ufm_B_A-B_0,A,0.325,0.229,0.229,0.325,3ufm
 134,3drj_B_A-B_0,A,0.396,0.130,0.130,0.396,3drj
 135,3psl_D_B-D_1,B,0.328,0.184,0.184,0.328,3psl
 136,3qhw_L_A-B-J-L_0,B,0.301,0.192,0.192,0.301,3qhw
 137,4f75_C_A-B-C-D_0,A,0.284,0.342,0.284,0.342,4f75
 138,4f75_C_A-B-C-D_0,B,0.288,0.349,0.288,0.349,4f75
 139,3uoa_L_B-C-L-M_0,B,0.444,0.205,0.205,0.444,3uoa
 140,4rxh_A_A-B-C_0,B,0.254,0.106,0.106,0.254,4rxh
 141,3m5o_C_A-C_0,A,0.325,0.253,0.253,0.325,3m5o
 142,4mz6_A_A-C-E_0,E,0.260,0.109,0.109,0.260,4mz6
 143,1tw6_C_A-B-C-D_2,F,0.260,0.330,0.260,0.330,1tw6
 144,1tw6_C_A-B-C-D_2,A,0.264,0.352,0.264,0.352,1tw6
 145,3tcg_I_A-I_0,A,0.351,0.129,0.129,0.351,3tcg
 146,2wa8_D_C-D_1,C,0.256,0.315,0.256,0.315,2wa8
 147,4j81_C_B-C_1,B,0.335,0.183,0.183,0.335,4j81
 148,1evh_B_A-B_0,A,0.276,0.315,0.276,0.315,1evh
 149,3f7o_X_A-X_0,A,0.341,0.202,0.202,0.341,3f7o
 150,2foo_B_A-B_0,A,0.999,0.999,0.999,0.999,2foo
 151,4ikn_B_A-B_0,A,0.489,0.311,0.311,0.489,4ikn
 152,5k4f_C_A-C_0,A,0.313,0.444,0.313,0.444,5k4f
 153,5oj5_B_A-B_0,A,0.313,0.169,0.169,0.313,5oj5
 154,4k3m_E_A-B-E_0,A,0.272,0.141,0.141,0.272,4k3m
 155,3d9t_D_B-D_1,B,0.264,0.338,0.264,0.338,3d9t
 156,5fou_C_A-C_0,A,0.328,0.226,0.226,0.328,5fou
 157,3fp4_Q_A-Q_0,A,0.272,0.108,0.108,0.272,3fp4
 158,5uw3_E_A-E_0,A,0.343,0.098,0.098,0.343,5uw3
 159,5wun_C_A-B-C_0,A,0.295,0.124,0.124,0.295,5wun
 160,4z0u_D_A-D_0,A,0.295,0.273,0.273,0.295,4z0u
 161,5y53_F_C-E-F_1,C,0.291,0.299,0.291,0.299,5y53
 162,5y53_F_C-E-F_1,E,0.303,0.312,0.303,0.312,5y53
 163,1b5j_B_A-B_0,A,0.359,0.132,0.132,0.359,1b5j
 164,4j09_B_A-B_0,A,0.288,0.182,0.182,0.288,4j09
 165,4j09_B_A-B_0,C,0.288,0.182,0.182,0.288,4j09
 166,1fch_C_A-B-C-D_2,F,0.275,0.163,0.163,0.275,1fch
 167,1fch_C_A-B-C-D_2,A,0.282,0.162,0.162,0.282,1fch
 168,5iz2_Z_A-B-Z_0,B,0.307,0.324,0.307,0.324,5iz2
 169,6exj_B_A-B_0,A,0.240,0.314,0.240,0.314,6exj
 170,3ziq_B_A-B-C_0,A,0.285,0.122,0.122,0.285,3ziq
 171,2d5w_C_A-C_0,A,0.368,0.118,0.118,0.368,2d5w
 172,6cd8_C_A-C_0,A,0.367,0.322,0.322,0.367,6cd8
 173,4k3o_E_A-B-E_0,A,0.268,0.138,0.138,0.268,4k3o
 174,2foj_B_A-B_0,A,0.999,0.999,0.999,0.999,2foj
 175,3nil_X_D-X_2,D,0.250,0.335,0.250,0.335,3nil
 176,5azf_C_A-C_0,A,0.373,0.408,0.373,0.408,5azf
 177,3lca_Q_A-Q_0,A,0.271,0.108,0.108,0.271,3lca
 178,1b3l_B_A-B_0,A,0.358,0.132,0.132,0.358,1b3l
 179,2v1r_R_A-Q-R_0,A,0.201,0.297,0.201,0.297,2v1r
 180,4gyo_C_A-B-C-D_0,B,0.288,0.142,0.142,0.288,4gyo
 181,1oby_Q_A-B-P-Q_0,A,0.294,0.446,0.294,0.446,1oby
 182,1oby_Q_A-B-P-Q_0,B,0.276,0.433,0.276,0.433,1oby
 183,4gne_B_A-B_0,A,0.241,0.293,0.241,0.293,4gne
 184,3srj_D_A-C-D_0,A,0.335,0.196,0.196,0.335,3srj
 185,4fii_B_A-B_0,A,0.359,0.198,0.198,0.359,4fii
 186,3nih_B_A-B_0,A,0.259,0.360,0.259,0.360,3nih
 187,4j77_D_B-D_1,B,0.321,0.179,0.179,0.321,4j77
 188,3hda_Z_P-Z_0,P,0.277,0.138,0.138,0.277,3hda
 189,3woo_C_A-B-C-D_0,A,0.312,0.098,0.098,0.312,3woo
 190,4j79_B_A-B_0,A,0.322,0.180,0.180,0.322,4j79
 191,4dgb_B_A-B_0,A,0.322,0.287,0.287,0.322,4dgb
 192,4jjq_B_A-B_0,A,1.000,1.000,1.000,1.000,4jjq
 193,4pxm_D_A-B-C-D_0,B,0.299,0.214,0.214,0.299,4pxm
 194,4wvh_C_A-C_0,A,0.301,0.113,0.113,0.301,4wvh
 195,3upv_B_A-B_0,A,0.238,0.251,0.238,0.251,3upv
 196,4j47_B_A-B_0,A,0.265,0.370,0.265,0.370,4j47
 197,4ny3_C_A-C_0,A,0.321,0.184,0.184,0.321,4ny3
 198,3t64_F_A-B-C-F_0,A,0.379,0.351,0.351,0.379,3t64
 199,3t64_F_A-B-C-F_0,B,0.375,0.379,0.375,0.379,3t64
 200,1str_M_B-D-M-P_0,C,0.349,0.379,0.349,0.379,1str
 201,1str_M_B-D-M-P_0,B,0.347,0.373,0.347,0.373,1str
 202,3soq_Z_A-Z_0,A,0.354,0.200,0.200,0.354,3soq
 203,6eja_B_A-B_0,A,0.451,0.113,0.113,0.451,6eja
 204,3nfk_D_A-B-C-D_2,B,0.315,0.424,0.315,0.424,3nfk
 205,1b5i_B_A-B_0,A,0.359,0.132,0.132,0.359,1b5i
 206,3woq_C_A-B-C-D_0,A,0.305,0.089,0.089,0.305,3woq
 207,5iag_D_A-B-D_0,A,0.340,0.239,0.239,0.340,5iag
 208,1qka_B_A-B_0,A,0.359,0.132,0.132,0.359,1qka
 209,3cvl_B_A-B_0,A,0.297,0.172,0.172,0.297,3cvl
 210,3ebb_F_A-B-E-F_0,B,0.288,0.181,0.181,0.288,3ebb
 211,4z88_V_J-V_1,J,0.218,0.320,0.218,0.320,4z88
 212,2fop_B_A-B_0,A,0.999,0.999,0.999,0.999,2fop
 213,1e4x_P_H-L-P_0,L,0.402,0.284,0.284,0.402,1e4x
 214,1e4x_P_H-L-P_0,H,0.421,0.290,0.290,0.421,1e4x
 215,4odk_C_A-B-C_0,A,0.261,0.244,0.244,0.261,4odk
 216,3emh_B_A-B_0,A,0.335,0.185,0.185,0.335,3emh
 217,4o4y_A_A-H-L_0,L,0.395,0.277,0.277,0.395,4o4y
 218,4o4y_A_A-H-L_0,H,0.396,0.279,0.279,0.396,4o4y
 219,5xcr_F_D-E-F_1,D,0.414,0.364,0.364,0.414,5xcr
 220,5xcr_F_D-E-F_1,E,0.387,0.342,0.342,0.387,5xcr
 221,3wor_C_A-B-C-D_0,A,0.317,0.091,0.091,0.317,3wor
 222,4joh_D_A-D_0,A,0.314,0.443,0.314,0.443,4joh
 223,3zin_C_A-B-C_0,A,0.291,0.120,0.120,0.291,3zin
 224,3ou3_C_A-B-C_0,A,0.283,0.340,0.283,0.340,3ou3
 225,3ou3_C_A-B-C_0,B,0.283,0.340,0.283,0.340,3ou3
 226,3q49_C_B-C_0,B,0.270,0.277,0.270,0.277,3q49
 227,1mfl_B_A-B_0,A,0.317,0.408,0.317,0.408,1mfl
 228,1b51_B_A-B_0,A,0.359,0.132,0.132,0.359,1b51
 229,2nph_S_A-B-S-T_0,A,0.281,0.343,0.281,0.343,2nph
 230,2nph_S_A-B-S-T_0,B,0.283,0.343,0.283,0.343,2nph
 231,3l81_B_A-B_0,A,0.478,0.306,0.306,0.478,3l81
 232,3rt9_B_A-B_0,F,0.326,0.125,0.125,0.326,3rt9
 233,3rt9_B_A-B_0,A,0.326,0.125,0.125,0.326,3rt9
 234,3nii_B_A-B_0,A,0.241,0.327,0.241,0.327,3nii
 235,1ddv_B_A-B_0,A,0.263,0.316,0.263,0.316,1ddv
 236,4jwd_C_B-C_1,B,0.357,0.259,0.259,0.357,4jwd
 237,4b3b_C_A-C_0,A,0.327,0.226,0.226,0.327,4b3b
 238,2v17_A_A-H-L_0,L,0.411,0.288,0.288,0.411,2v17
 239,2v17_A_A-H-L_0,H,0.413,0.280,0.280,0.413,2v17
 240,2ql9_G_A-B-C-D-E-F-G_0,D,0.257,0.323,0.257,0.323,2ql9
 241,2ql9_G_A-B-C-D-E-F-G_0,A,0.271,0.267,0.267,0.271,2ql9
 242,2ql9_G_A-B-C-D-E-F-G_0,C,0.259,0.256,0.256,0.259,2ql9
 243,2ql9_G_A-B-C-D-E-F-G_0,B,0.258,0.325,0.258,0.325,2ql9
 244,4k76_G_C-G_2,C,0.318,0.443,0.318,0.443,4k76
 245,3ifo_P_H-L-P_0,L,0.393,0.276,0.276,0.393,3ifo
 246,3ifo_P_H-L-P_0,H,0.413,0.286,0.286,0.413,3ifo
 247,3f6k_N_A-N_0,A,0.384,0.105,0.105,0.384,3f6k
 248,5jiu_C_A-B-C-D_0,A,0.407,0.298,0.298,0.407,5jiu
 249,3ivq_D_B-D_1,B,0.801,0.795,0.795,0.801,3ivq
 250,1h27_E_A-B-E_0,B,0.298,0.195,0.195,0.298,1h27
 251,4od7_E_C-E_2,C,0.334,0.273,0.273,0.334,4od7
 252,5gu4_C_A-C_0,A,0.414,0.263,0.263,0.414,5gu4
 253,5ovc_B_A-B_0,A,0.286,0.369,0.286,0.369,5ovc
 254,4k3r_E_A-B-E_0,A,0.262,0.139,0.139,0.262,4k3r
 255,1uoq_B_A-B_0,A,0.322,0.101,0.101,0.322,1uoq
 256,4zhb_B_A-B_0,A,0.241,0.284,0.241,0.284,4zhb
 257,5grg_D_A-B-C-D_0,A,0.409,0.248,0.248,0.409,5grg
 258,1b58_B_A-B_0,A,0.357,0.132,0.132,0.357,1b58
 259,2zjd_D_C-D_5,C,0.378,0.408,0.378,0.408,2zjd
 260,3oqs_B_A-B_0,A,0.285,0.122,0.122,0.285,3oqs
 261,3mmg_C_A-C_0,A,0.353,0.259,0.259,0.353,3mmg
 262,1b05_B_A-B_0,A,0.359,0.132,0.132,0.359,1b05
 263,3nik_X_D-X_2,D,0.258,0.347,0.258,0.347,3nik
 264,3s9c_B_A-B_0,A,0.344,0.241,0.241,0.344,3s9c
 265,4j86_C_A-C_0,A,0.324,0.181,0.181,0.324,4j86
 266,5tu5_B_A-B_0,A,0.321,0.181,0.181,0.321,5tu5
 267,4xal_B_A-B_0,A,0.218,0.280,0.218,0.280,4xal
 268,1sua_C_A-C_0,A,0.309,0.194,0.194,0.309,1sua
 269,5ovv_B_A-B_0,A,0.306,0.386,0.306,0.386,5ovv
 270,4k75_B_A-B_0,A,0.308,0.424,0.308,0.424,4k75
 271,2v5f_X_A-X_0,A,0.236,0.292,0.236,0.292,2v5f
 272,1ok7_C_A-B-C_0,B,0.270,0.140,0.140,0.270,1ok7
 273,4faf_D_A-B-D_0,A,0.280,0.340,0.280,0.340,4faf
 274,4faf_D_A-B-D_0,B,0.269,0.324,0.269,0.324,4faf
 275,3rta_B_A-B_0,F,0.325,0.124,0.124,0.325,3rta
 276,3rta_B_A-B_0,A,0.325,0.124,0.124,0.325,3rta
 277,5fow_E_A-E_0,A,0.323,0.226,0.226,0.323,5fow
 278,2hl3_C_A-B-C_0,A,0.204,0.301,0.204,0.301,2hl3
 279,2hl3_C_A-B-C_0,B,0.193,0.286,0.193,0.286,2hl3
 280,5fgb_G_B-E-G_1,E,0.406,0.286,0.286,0.406,5fgb
 281,5fgb_G_B-E-G_1,B,0.406,0.289,0.289,0.406,5fgb
 282,3jrv_D_B-D_1,B,0.297,0.288,0.288,0.297,3jrv
 283,4cic_Q_A-B-Q_0,A,0.255,0.254,0.254,0.255,4cic
 284,4cic_Q_A-B-Q_0,B,0.259,0.259,0.259,0.259,4cic
 285,4j45_B_A-B_0,A,0.262,0.367,0.262,0.367,4j45
 286,3rc5_B_A-B_0,A,0.327,0.253,0.253,0.327,3rc5
 287,4bjt_E_B-E_2,B,0.239,0.223,0.223,0.239,4bjt
 288,2fib_B_A-B_0,A,0.414,0.271,0.271,0.414,2fib
 289,2y1l_G_A-B-C-D-E-F-G-H_0,D,0.254,0.327,0.254,0.327,2y1l
 290,2y1l_G_A-B-C-D-E-F-G-H_0,C,0.284,0.271,0.271,0.284,2y1l
 291,4ezy_B_A-B_2,A,0.365,0.258,0.258,0.365,4ezy
 292,4r5i_B_A-B_0,A,0.359,0.251,0.251,0.359,4r5i
 293,4ezq_B_A-B_1,A,0.367,0.262,0.262,0.367,4ezq
 294,3dri_B_A-B_0,A,0.386,0.128,0.128,0.386,3dri
 295,3njj_B_A-B_0,A,0.361,0.411,0.361,0.411,3njj
 296,5d9g_C_A-C_0,A,0.363,0.237,0.237,0.363,5d9g
 297,4j44_B_A-B_0,A,0.264,0.369,0.264,0.369,4j44
 298,2z9i_G_A-B-C-D-E-F-G-H-I_0,A,0.323,0.195,0.195,0.323,2z9i
 299,1se0_B_A-B_0,A,0.288,0.363,0.288,0.363,1se0
 300,4fys_C_A-C_0,A,0.422,0.085,0.085,0.422,4fys
 301,4x2h_C_A-B-C_0,A,0.305,0.244,0.244,0.305,4x2h
 302,1kl3_G_A-B-C-D-E-F-G-H_0,C,0.315,0.344,0.315,0.344,1kl3
 303,1kl3_G_A-B-C-D-E-F-G-H_0,B,0.315,0.345,0.315,0.345,1kl3
 304,3sxu_C_A-B-C_0,A,0.275,0.265,0.265,0.275,3sxu
 305,4tr9_J_A-B-C-D-E-G-H-I-J-K_0,C,0.299,0.161,0.161,0.299,4tr9
 306,5jjm_G_A-G-M_0,A,0.326,0.214,0.214,0.326,5jjm
 307,4nnm_C_A-C_0,A,0.330,0.381,0.330,0.381,4nnm
 308,5eyz_E_A-E_0,A,0.330,0.437,0.330,0.437,5eyz
 309,5m5u_G_A-E-G_0,A,0.334,0.168,0.168,0.334,5m5u
 310,4j78_B_A-B_0,A,0.321,0.179,0.179,0.321,4j78
 311,2v5w_G_B-G-L_1,B,0.311,0.160,0.160,0.311,2v5w
 312,3cbl_B_A-B_0,A,0.368,0.175,0.175,0.368,3cbl
 313,2orz_B_A-B_0,A,0.443,0.227,0.227,0.443,2orz
 314,5zw6_C_A-B-C-D_0,A,0.307,0.144,0.144,0.307,5zw6
 315,5wir_D_A-B-C-D_0,B,0.299,0.226,0.226,0.299,5wir
 316,3rte_B_A-B_0,G,0.324,0.123,0.123,0.324,3rte
 317,3rte_B_A-B_0,A,0.324,0.123,0.123,0.324,3rte
 318,2i3h_C_A-C_0,A,0.264,0.352,0.264,0.352,2i3h
 319,3g19_C_A-C_0,A,0.264,0.382,0.264,0.382,3g19
 320,1a30_C_A-B-C_0,A,0.284,0.348,0.284,0.348,1a30
 321,1a30_C_A-B-C_0,B,0.278,0.337,0.278,0.337,1a30
 322,3sjk_B_A-B_0,A,0.321,0.268,0.268,0.321,3sjk
 323,4que_E_A-C-D-E-H-J_0,A,0.345,0.245,0.245,0.345,4que
 324,5yba_B_A-B-C-D_0,A,0.314,0.269,0.269,0.314,5yba
 325,1xb0_J_A-B-C-D-E-F-G-H-I-J-K-L_0,D,0.268,0.354,0.268,0.354,1xb0
 326,1xb0_J_A-B-C-D-E-F-G-H-I-J-K-L_0,C,0.267,0.351,0.267,0.351,1xb0
 327,6cd9_B_A-B_0,A,0.366,0.323,0.323,0.366,6cd9
 328,1vwa_M_B-D-M-P_0,C,0.353,0.383,0.353,0.383,1vwa
 329,1vwa_M_B-D-M-P_0,B,0.343,0.367,0.343,0.367,1vwa
 330,1d0a_G_A-B-C-G-H-I_0,A,0.760,0.632,0.632,0.760,1d0a
 331,1b32_B_A-B_0,A,0.359,0.132,0.132,0.359,1b32
 332,5e6o_E_B-E_1,B,0.376,0.420,0.376,0.420,5e6o
 333,1yth_I_A-B-I_0,A,0.283,0.343,0.283,0.343,1yth
 334,1yth_I_A-B-I_0,B,0.283,0.343,0.283,0.343,1yth
 335,4qbr_P_A-P_0,A,0.259,0.260,0.259,0.260,4qbr
 336,4c2g_B_A-B-C_0,A,0.329,0.144,0.144,0.329,4c2g
 337,4es0_C_A-C_0,A,0.328,0.181,0.181,0.328,4es0
 338,2h9m_D_C-D_1,C,0.316,0.174,0.174,0.316,2h9m
 339,6cwp_F_A-B-F_0,A,0.329,0.183,0.183,0.329,6cwp
 340,6cwp_F_A-B-F_0,B,0.326,0.179,0.179,0.326,6cwp
 341,5m5v_G_A-E-G-I_0,A,0.336,0.167,0.167,0.336,5m5v
 342,1b4z_B_A-B_0,A,0.359,0.132,0.132,0.359,1b4z
 343,5nqv_G_A-C-E-G_0,C,0.275,0.221,0.221,0.275,5nqv
 344,4o51_N_A-B-N_1,A,0.392,0.280,0.280,0.392,4o51
 345,4o51_N_A-B-N_1,B,0.391,0.276,0.276,0.391,4o51
 346,6cdc_C_A-C_0,A,0.367,0.327,0.327,0.367,6cdc
 347,2h59_D_A-B-D-E_0,A,0.329,0.214,0.214,0.329,2h59
 348,2h59_D_A-B-D-E_0,B,0.329,0.213,0.213,0.329,2h59
 349,3hds_E_A-D-E_0,D,0.287,0.331,0.287,0.331,3hds
 350,3hds_E_A-D-E_0,A,0.288,0.320,0.288,0.320,3hds
 351,6fqc_E_A-B-D-E_0,A,0.405,0.207,0.207,0.405,6fqc
 352,3lny_B_A-B_0,A,0.310,0.402,0.310,0.402,3lny
 353,2bgr_Y_A-B-Y-Z_0,A,0.369,0.098,0.098,0.369,2bgr
 354,2h2f_B_A-B_0,A,0.312,0.215,0.215,0.312,2h2f
 355,1sem_C_A-B-C-D_0,A,0.180,0.314,0.180,0.314,1sem
 356,4ezz_B_A-B_1,A,0.366,0.259,0.259,0.366,4ezz
 357,5huy_B_A-B-C_0,C,0.293,0.123,0.123,0.293,5huy
 358,3zvy_D_B-D_0,B,0.182,0.290,0.182,0.290,3zvy
 359,4kg9_B_A-B_0,A,0.994,0.986,0.986,0.994,4kg9
 360,5m5t_E_A-E-G-I_0,A,0.335,0.167,0.167,0.335,5m5t
 361,4wnn_T_C-D-T_3,D,0.190,0.239,0.190,0.239,4wnn
 362,4wnn_T_C-D-T_3,C,0.179,0.239,0.179,0.239,4wnn
 363,5lyn_C_A-B-C-D_0,A,0.244,0.249,0.244,0.249,5lyn
 364,5lyn_C_A-B-C-D_0,B,0.231,0.235,0.231,0.235,5lyn
 365,3drk_B_A-B_0,A,0.399,0.132,0.132,0.399,3drk
 366,2y7l_B_A-B_0,A,0.448,0.233,0.233,0.448,2y7l
 367,5fch_C_A-B-C_0,A,0.378,0.179,0.179,0.378,5fch
 368,5fch_C_A-B-C_0,B,0.378,0.168,0.168,0.378,5fch
 369,4k3q_E_A-B-E_0,A,0.273,0.140,0.140,0.273,4k3q
 370,5lb7_C_A-B-C_0,A,0.274,0.241,0.241,0.274,5lb7
 371,5lb7_C_A-B-C_0,B,0.218,0.301,0.218,0.301,5lb7
 372,1elr_B_A-B_0,A,0.230,0.239,0.230,0.239,1elr
 373,1a7c_B_A-B-C_0,A,0.334,0.152,0.152,0.334,1a7c
 374,1kyd_P_A-P_0,A,0.501,0.319,0.319,0.501,1kyd
 375,4sga_P_E-P_0,E,0.320,0.270,0.270,0.320,4sga
 376,5fox_C_A-C_0,A,0.315,0.224,0.224,0.315,5fox
