pdb,contactingChains
5kzt_C_A-C_0,A
4joh_D_A-D_0,A
4quh_D_A-C-D-I-J_0,A
2wa8_D_C-D_1,C
1h27_E_A-B-E_0,B
4apo_D_B-D_1,B
3t64_F_A-B-C-F_0,A B
1uop_B_A-B_0,A
2b6n_B_A-B_0,A
3upv_B_A-B_0,A
2dze_X_A-B-X_0,A B
1kyf_P_A-P_0,A
2zjd_D_C-D_5,C
4ny3_C_A-C_0,A
5yba_B_A-B-C-D_0,A
3oqs_B_A-B_0,A
1uoq_B_A-B_0,A
4k76_G_C-G_2,C
1hsb_C_A-B-C_0,A
4m38_E_A-B-E-F_0,A
4gyo_C_A-B-C-D_0,B
4k3q_E_A-B-E_0,A
3m5n_F_B-F_1,B
4wnn_T_C-D-T_3,C D
5azf_C_A-C_0,A
6fqc_E_A-B-D-E_0,A
1ok7_C_A-B-C_0,B
3t70_F_A-B-C-F_0,A B
6hpg_c_C-c_2,C
4z88_V_J-V_1,J
6cwp_F_A-B-F_0,A B
4jor_D_B-D_1,B
6eja_B_A-B_0,A
5iag_D_A-B-D_0,A
4ynl_C_A-B-C-D_0,A B
3njj_B_A-B_0,A
6cd9_B_A-B_0,A
4k3p_E_A-B-E_0,A
4gne_B_A-B_0,A
3cww_E_A-B-D-E_0,A
1rzx_B_A-B_0,A
1xb0_J_A-B-C-D-E-F-G-H-I-J-K-L_0,C D
1e4x_P_H-L-P_0,L H
3fp4_Q_A-Q_0,A
5fow_E_A-E_0,A
4cic_Q_A-B-Q_0,A B
4rxh_A_A-B-C_0,B
3o2b_D_C-D_1,C
2hl3_C_A-B-C_0,A B
4fii_B_A-B_0,A
2orz_B_A-B_0,A
3d9t_D_B-D_1,B
4j46_B_A-B_0,A
1tw6_C_A-B-C-D_2,F A
3ziq_B_A-B-C_0,A
3nil_X_D-X_2,D
4ztd_F_A-B-C-D-E-F_0,C
4bjt_E_B-E_2,B
4ba3_B_A-B_0,A
2zgh_B_A-B_0,A
1d00_I_A-I_0,A
3nim_X_F-X_3,F
3l81_B_A-B_0,A
4ezy_B_A-B_2,A
4jjq_B_A-B_0,A
5uw3_E_A-E_0,A
5m5r_D_A-C-D_0,A
2ipu_P_G-K-P_1,K G
5tu5_B_A-B_0,A
2ce9_X_A-B-X_0,A
2v3s_C_B-C_1,B
5fpk_C_A-C_0,A
1kyd_P_A-P_0,A
4pyw_B_A-B-C_0,C A
1d0a_G_A-B-C-G-H-I_0,A
3v43_Q_A-Q_0,A
4jwd_C_B-C_1,B
4j77_D_B-D_1,B
3q49_C_B-C_0,B
5lb7_C_A-B-C_0,A B
5fox_C_A-C_0,A
1lvm_C_A-C-E_0,A
3nij_B_A-B_0,A
4z0u_D_A-D_0,A
3dri_B_A-B_0,A
2v1r_R_A-Q-R_0,A
3rt9_B_A-B_0,C A
5k4f_C_A-C_0,A
5d9g_C_A-C_0,A
5zw6_C_A-B-C-D_0,A
1kl3_G_A-B-C-D-E-F-G-H_0,C B
6ew9_P_A-B-C-P-Q-R_0,A
4j47_B_A-B_0,A
3nfk_D_A-B-C-D_2,B
6fkp_G_C-G_2,C
4hxj_C_A-C_0,A
6cdc_C_A-C_0,A
4k72_C_A-C_0,A
3hda_Z_P-Z_0,P
5iz2_Z_A-B-Z_0,B
4fys_C_A-C_0,A
4v3i_B_A-B_0,A
4b8o_C_A-B-C_0,A
5ovc_B_A-B_0,A
3gq1_C_A-C_0,A
3nin_E_B-E_1,B
3ivq_D_B-D_1,B
4j86_C_A-C_0,A
4b3b_C_A-C_0,A
5y53_F_C-E-F_1,C E
3nik_X_D-X_2,D
5fov_E_A-E_0,A
5lyn_C_A-B-C-D_0,A B
4ikn_B_A-B_0,A
4j79_B_A-B_0,A
1wcy_C_A-B-C-D_0,A
4jmy_E_A-C-E_0,A
1sem_C_A-B-C-D_0,A
3nfl_G_B-C-F-G_5,C
3zvy_D_B-D_0,B
6cdg_B_A-B_0,A
5m5u_G_A-E-G_0,A
5xcr_F_D-E-F_1,E D
2h59_D_A-B-D-E_0,E A B
4ojf_A_A-H-L_0,L H
2i3h_C_A-C_0,A
3nii_B_A-B_0,A
3lny_B_A-B_0,A
3m5o_C_A-C_0,A
5v5p_A_A-B-C_0,C
3drj_B_A-B_0,A
4ezq_B_A-B_1,A
5huy_B_A-B-C_0,C
1vwa_M_B-D-M-P_0,C B
4j84_D_B-D_1,B
4c2c_B_A-B-C_0,A
4jok_D_B-D_1,B
5t6p_E_C-D-E_1,C D
3uf7_B_A-B-C_0,A
4j45_B_A-B_0,A
2y1l_G_A-B-C-D-E-F-G-H_0,C D
4zhb_B_A-B_0,A
5fou_C_A-C_0,A
5wun_C_A-B-C_0,A
4o51_N_A-B-N_1,A B
3sjk_B_A-B_0,A
2y7l_B_A-B_0,A
2fop_B_A-B_0,A
1elr_B_A-B_0,A
4jop_C_A-C_0,A
1kl5_F_A-B-C-D-E-F-G-H_0,C B
4c2g_B_A-B-C_0,A
4ouc_B_A-B_0,A
2ot0_G_A-B-C-D-E-F-G-H_0,C
4od7_E_C-E_2,C
3vqg_B_A-B_0,A
5fch_C_A-B-C_0,A B
5m5t_E_A-E-G-I_0,A
5e6o_E_B-E_1,B
5elq_P_A-P_0,A
2z9i_G_A-B-C-D-E-F-G-H-I_0,A
1str_M_B-D-M-P_0,C B
3g19_C_A-C_0,A
3jrv_D_B-D_1,B
3srj_D_A-C-D_0,C A
3ny3_B_A-B_0,A
3rc4_B_A-B_0,A
2x6m_B_A-B_0,A
4j8b_B_A-B_0,A
5oj5_B_A-B_0,A
3uoa_L_B-C-L-M_0,B
5grg_D_A-B-C-D_0,C A
3drk_B_A-B_0,A
5fgb_G_B-E-G_1,E B
1czy_D_A-B-C-D-E_0,A
5n10_D_A-B-C-D-F_0,C
2ql9_G_A-B-C-D-E-F-G_0,D C A B
4ezw_E_A-E_0,A
3gv4_H_A-H_0,A
4kg9_B_A-B_0,A
4o4y_A_A-H-L_0,L H
5wir_D_A-B-C-D_0,B
1se0_B_A-B_0,A
4nnm_C_A-C_0,A
4j09_B_A-B_0,C A
3woo_C_A-B-C-D_0,A
2foj_B_A-B_0,A
4g69_B_A-B_0,A
3soq_Z_A-Z_0,A
5nqv_G_A-C-E-G_0,C
3m5m_C_B-C_1,B
4z8j_B_A-B_0,A
3cbl_B_A-B_0,A
2v5f_X_A-X_0,A
4k75_B_A-B_0,A
1a7c_B_A-B-C_0,A
3lca_Q_A-Q_0,A
3cvl_B_A-B_0,A
3rc5_B_A-B_0,A
2v5w_G_B-G-L_1,L B
5m5v_G_A-E-G-I_0,A
5fjz_P_A-B-C-D-P-Q-R-S_0,C A
5ovv_B_A-B_0,A
4r5i_B_A-B_0,A
4k3r_E_A-B-E_0,A
4j81_C_B-C_1,B
3agy_C_A-B-C-D-F_0,A
4mz6_A_A-C-E_0,E
3qhw_L_A-B-J-L_0,B
4iim_E_A-B-C-D-E_0,D B
5jiu_C_A-B-C-D_0,A
5xup_D_A-B-C-D_0,B
4q6f_H_C-H_2,C
4ezz_B_A-B_1,A
4xi7_C_A-C_0,A
1svz_C_A-B-C-D_0,A
3q47_C_B-C_0,B
4x2h_C_A-B-C_0,A
4pz3_C_A-B-C_0,B
2g30_S_A-P-S_0,A
3fp2_Q_A-Q_0,A
1yti_I_A-I_0,A I B
4k3m_E_A-B-E_0,A
3mqr_B_A-B_0,A
3ebb_F_A-B-E-F_0,B
4odk_C_A-B-C_0,A
4j82_C_A-C_0,A
3zin_C_A-B-C_0,A
1mfl_B_A-B_0,A
2f5b_P_H-L-P_0,L H
1oby_Q_A-B-P-Q_0,A P B
5eyz_E_A-E_0,A
5oav_B_A-B_0,A
1sts_P_B-D-M-P_0,D A
5gu4_C_A-C_0,A
3rta_B_A-B_0,C A
3hds_E_A-D-E_0,D A
3fwv_C_A-C_0,A
1ddv_B_A-B_0,A
3wor_C_A-B-C-D_0,A
5jjm_G_A-G-M_0,A
3drh_B_A-B_0,A
5b74_D_A-B-D_0,B
1sdz_B_A-B_0,A
3woq_C_A-B-C-D_0,A
6cd8_C_A-C_0,A
3f7o_X_A-X_0,A
5huw_B_A-B-C_0,C
6exj_B_A-B_0,A
4j44_B_A-B_0,A
3mmg_C_A-C_0,A
2bgr_Y_A-B-Y-Z_0,A
1oxn_F_E-F_7,E
3rte_B_A-B_0,C A
5iza_B_A-B_0,A
2v17_A_A-H-L_0,L H
4ezn_C_A-B-C-D_0,A
3s9c_B_A-B_0,A
3zs6_B_A-B_0,A
3sxu_C_A-B-C_0,A
3ufm_B_A-B_0,A
4xal_B_A-B_0,A
4que_E_A-C-D-E-H-J_0,A
4tr9_J_A-B-C-D-E-G-H-I-J-K_0,C
4pxm_D_A-B-C-D_0,B
4qbr_P_A-P_0,A
2foo_B_A-B_0,A
4wvh_C_A-C_0,A
3f6k_N_A-N_0,A
4j78_B_A-B_0,A
3shb_B_A-B_0,A
4k3o_E_A-B-E_0,A
1u9l_C_B-C_1,B
3nih_B_A-B_0,A
2h2f_B_A-B_0,A
3thk_C_A-C_0,A
4mvk_B_A-B_0,A
3ifo_P_H-L-P_0,L H
